load1,load2,load3,load4,load5,load6,load7,load8,load9,load10,load11,load12,load13,load14,load15,load16,load17,load18,load19,load20,load21,load22,load23,load24,load25,load26,load27,load28,load29,load30,load31,load32,load33,load34,load35,load36,load37,load38,load39,load40,load41,load42,load43,load44,load45,load46,load47,load48,weather1,weather2,weather3,weather4,weather5,weather6,weather7,weather8,weather9,weather10,weather11,weather12,weather13,weather14,weather15,weather16,weather17,weather18,weather19,weather20,weather21,weather22,weather23,weather24,weather25,weather26,weather27,weather28,weather29,weather30,weather31,weather32,weather33,weather34,weather35,weather36,weather37,weather38,weather39,weather40,weather41,weather42,weather43,weather44,weather45,weather46,weather47,weather48,preload1,preload2,preload3,preload4,preload5,preload6,preload7,preload8,preload9,preload10,preload11,preload12,preload13,preload14,preload15,preload16,preload17,preload18,preload19,preload20,preload21,preload22,preload23,preload24
0.1623422370117217,0.1356686752405792,0.1189705309230447,0.1107413736247264,0.1197499775159637,0.1555595527175705,0.2108328087058188,0.2349656743711964,0.2597805558053782,0.2887399946038313,0.3136373175045718,0.3211694696765297,0.3074691968702221,0.2959348862307761,0.2736756902599154,0.2484336121353839,0.2338189885181521,0.2404367898791858,0.2297343885841053,0.2126690050064454,0.1959034085799083,0.1752031057948856,0.1429160296189706,0.1076760500044968,0.07922624936295226,0.06572083820487458,0.05833108492969993,0.05426147435320915,0.05860838804448835,0.07721018077165212,0.1066267949755673,0.1328057079473573,0.1643133375303535,0.1810339658842221,0.1868798153311149,0.1807791468057679,0.1727448511556795,0.1613604340917948,0.1531762448661451,0.1472254699163594,0.1480798632970591,0.1714557664058518,0.1928305902809006,0.1847213478430314,0.1765521479749378,0.1630542314956381,0.1438753485025632,0.1206418442905537,0.5911740216486262,0.5828476269775188,0.5735220649458784,0.5735220649458784,0.55503746877602,0.544879267277269,0.5365528726061616,0.5365528726061616,0.5282264779350542,0.544879267277269,0.5365528726061616,0.55503746877602,0.565195670274771,0.565195670274771,0.565195670274771,0.565195670274771,0.5735220649458784,0.5735220649458784,0.5735220649458784,0.5735220649458784,0.5633638634471274,0.5735220649458784,0.5735220649458784,0.5836802664446294,0.575353871773522,0.5836802664446294,0.5735220649458784,0.5735220649458784,0.5735220649458784,0.5633638634471274,0.5735220649458784,0.5920066611157369,0.598834304746045,0.5980016652789342,0.5786844296419651,0.55503746877602,0.534721065778518,0.507910074937552,0.4902581182348043,0.4514571190674438,0.4634471273938385,0.4810990840965862,0.4531223980016653,0.4254787676935887,0.424646128226478,0.424646128226478,0.4061615320566195,0.424646128226478,0.09726594118176096,0.08486224780405914,0.08032047246455017,0.08095002548190781,0.08582156668765173,0.09749078154510299,0.1182510417603502,0.1348967233264383,0.1504406871121504,0.1517822346134245,0.1461837095662079,0.1402554186527566,0.1373249992505322,0.1366279941241718,0.1361483346823755,0.1331279791348143,0.1318838624576551,0.1577554935995444,0.1788754983961387,0.1774814881434181,0.1730671223431364,0.1586548550529125,0.130767155319723,0.09921455766405854
0.07922624936295226,0.06572083820487458,0.05833108492969993,0.05426147435320915,0.05860838804448835,0.07721018077165212,0.1066267949755673,0.1328057079473573,0.1643133375303535,0.1810339658842221,0.1868798153311149,0.1807791468057679,0.1727448511556795,0.1613604340917948,0.1531762448661451,0.1472254699163594,0.1480798632970591,0.1714557664058518,0.1928305902809006,0.1847213478430314,0.1765521479749378,0.1630542314956381,0.1438753485025632,0.1206418442905537,0.09726594118176096,0.08486224780405914,0.08032047246455017,0.08095002548190781,0.08582156668765173,0.09749078154510299,0.1182510417603502,0.1348967233264383,0.1504406871121504,0.1517822346134245,0.1461837095662079,0.1402554186527566,0.1373249992505322,0.1366279941241718,0.1361483346823755,0.1331279791348143,0.1318838624576551,0.1577554935995444,0.1788754983961387,0.1774814881434181,0.1730671223431364,0.1586548550529125,0.130767155319723,0.09921455766405854,0.575353871773522,0.5836802664446294,0.5735220649458784,0.5735220649458784,0.5735220649458784,0.5633638634471274,0.5735220649458784,0.5920066611157369,0.598834304746045,0.5980016652789342,0.5786844296419651,0.55503746877602,0.534721065778518,0.507910074937552,0.4902581182348043,0.4514571190674438,0.4634471273938385,0.4810990840965862,0.4531223980016653,0.4254787676935887,0.424646128226478,0.424646128226478,0.4061615320566195,0.424646128226478,0.424646128226478,0.4163197335553706,0.4254787676935887,0.4254787676935887,0.4069941715237302,0.4356369691923398,0.4532889258950874,0.4800999167360533,0.5004163197335554,0.5189009159034138,0.5105745212323064,0.5272273105745212,0.5290591174021648,0.5373855120732722,0.5290591174021648,0.5290591174021648,0.5373855120732722,0.5467110741049126,0.565195670274771,0.5735220649458784,0.5633638634471274,0.5633638634471274,0.5735220649458784,0.5836802664446294,0.0661855082891147,0.05552058038792459,0.05210300686512575,0.05707947357376259,0.07711274994753729,0.1132221123002668,0.1617651467458105,0.1830950025481907,0.1971325358995114,0.204522289174686,0.2150897862517613,0.2237986029918757,0.2334892226519172,0.2468447402344335,0.2576895404262974,0.263213118685733,0.2546092274485116,0.2659186977246155,0.2745225889618372,0.2614668585304434,0.2459303894235094,0.2238360763857661,0.1887609797044098,0.1516623197529754
0.09726594118176096,0.08486224780405914,0.08032047246455017,0.08095002548190781,0.08582156668765173,0.09749078154510299,0.1182510417603502,0.1348967233264383,0.1504406871121504,0.1517822346134245,0.1461837095662079,0.1402554186527566,0.1373249992505322,0.1366279941241718,0.1361483346823755,0.1331279791348143,0.1318838624576551,0.1577554935995444,0.1788754983961387,0.1774814881434181,0.1730671223431364,0.1586548550529125,0.130767155319723,0.09921455766405854,0.0661855082891147,0.05552058038792459,0.05210300686512575,0.05707947357376259,0.07711274994753729,0.1132221123002668,0.1617651467458105,0.1830950025481907,0.1971325358995114,0.204522289174686,0.2150897862517613,0.2237986029918757,0.2334892226519172,0.2468447402344335,0.2576895404262974,0.263213118685733,0.2546092274485116,0.2659186977246155,0.2745225889618372,0.2614668585304434,0.2459303894235094,0.2238360763857661,0.1887609797044098,0.1516623197529754,0.424646128226478,0.4163197335553706,0.4254787676935887,0.4254787676935887,0.4069941715237302,0.4356369691923398,0.4532889258950874,0.4800999167360533,0.5004163197335554,0.5189009159034138,0.5105745212323064,0.5272273105745212,0.5290591174021648,0.5373855120732722,0.5290591174021648,0.5290591174021648,0.5373855120732722,0.5467110741049126,0.565195670274771,0.5735220649458784,0.5633638634471274,0.5633638634471274,0.5735220649458784,0.5836802664446294,0.575353871773522,0.575353871773522,0.5735220649458784,0.5735220649458784,0.565195670274771,0.55503746877602,0.565195670274771,0.586511240632806,0.5920066611157369,0.5795170691090757,0.55503746877602,0.544879267277269,0.544879267277269,0.55503746877602,0.565195670274771,0.55503746877602,0.575353871773522,0.6114904246461282,0.6104912572855953,0.6104912572855953,0.6198168193172356,0.628143213988343,0.6383014154870941,0.6484596169858451,0.1159276913391492,0.0991770842701682,0.08809994903618425,0.08809994903618425,0.1008858710315676,0.1308196180711694,0.1738765476511676,0.2039002308361063,0.2429699913061727,0.277947657163414,0.3090505740923944,0.3292712174356208,0.331512126390263,0.3428590700602572,0.3475882123692179,0.351260604970471,0.3397712624036933,0.3551878166501784,0.3522798812842882,0.3363162154870043,0.3187262043948796,0.2953428066073088,0.2575846149234045,0.2122118296009833
0.0661855082891147,0.05552058038792459,0.05210300686512575,0.05707947357376259,0.07711274994753729,0.1132221123002668,0.1617651467458105,0.1830950025481907,0.1971325358995114,0.204522289174686,0.2150897862517613,0.2237986029918757,0.2334892226519172,0.2468447402344335,0.2576895404262974,0.263213118685733,0.2546092274485116,0.2659186977246155,0.2745225889618372,0.2614668585304434,0.2459303894235094,0.2238360763857661,0.1887609797044098,0.1516623197529754,0.1159276913391492,0.0991770842701682,0.08809994903618425,0.08809994903618425,0.1008858710315676,0.1308196180711694,0.1738765476511676,0.2039002308361063,0.2429699913061727,0.277947657163414,0.3090505740923944,0.3292712174356208,0.331512126390263,0.3428590700602572,0.3475882123692179,0.351260604970471,0.3397712624036933,0.3551878166501784,0.3522798812842882,0.3363162154870043,0.3187262043948796,0.2953428066073088,0.2575846149234045,0.2122118296009833,0.575353871773522,0.575353871773522,0.5735220649458784,0.5735220649458784,0.565195670274771,0.55503746877602,0.565195670274771,0.586511240632806,0.5920066611157369,0.5795170691090757,0.55503746877602,0.544879267277269,0.544879267277269,0.55503746877602,0.565195670274771,0.55503746877602,0.575353871773522,0.6114904246461282,0.6104912572855953,0.6104912572855953,0.6198168193172356,0.628143213988343,0.6383014154870941,0.6484596169858451,0.6484596169858451,0.6484596169858451,0.6669442131557035,0.4431307243963364,0.3885095753538718,0.3338884263114072,0.314571190674438,0.3237302248126562,0.360699417152373,0.3708576186511241,0.3801831806827644,0.4069941715237302,0.3986677768526228,0.4153205661948376,0.4069941715237302,0.4069941715237302,0.4254787676935887,0.4532889258950874,0.4634471273938385,0.4902581182348043,0.4902581182348043,0.4985845129059117,0.518068276436303,0.5282264779350542,0.1703015858740295,0.1428260934736337,0.120117216776089,0.08818239050274301,0.07230116617201786,0.08539436999730196,0.1165497496777288,0.1369427706328507,0.1670414006055701,0.1931153880744671,0.2101582876157927,0.2157118445903408,0.2134634409569206,0.2158542434871241,0.2079323680187068,0.1983916419342267,0.1982342536798872,0.2163563869652547,0.2103456545852445,0.196757801960608,0.1830125610816321,0.1650628054081603,0.1350691009383338,0.1014779506550349
0.1159276913391492,0.0991770842701682,0.08809994903618425,0.08809994903618425,0.1008858710315676,0.1308196180711694,0.1738765476511676,0.2039002308361063,0.2429699913061727,0.277947657163414,0.3090505740923944,0.3292712174356208,0.331512126390263,0.3428590700602572,0.3475882123692179,0.351260604970471,0.3397712624036933,0.3551878166501784,0.3522798812842882,0.3363162154870043,0.3187262043948796,0.2953428066073088,0.2575846149234045,0.2122118296009833,0.1703015858740295,0.1428260934736337,0.120117216776089,0.08818239050274301,0.07230116617201786,0.08539436999730196,0.1165497496777288,0.1369427706328507,0.1670414006055701,0.1931153880744671,0.2101582876157927,0.2157118445903408,0.2134634409569206,0.2158542434871241,0.2079323680187068,0.1983916419342267,0.1982342536798872,0.2163563869652547,0.2103456545852445,0.196757801960608,0.1830125610816321,0.1650628054081603,0.1350691009383338,0.1014779506550349,0.6484596169858451,0.6484596169858451,0.6669442131557035,0.4431307243963364,0.3885095753538718,0.3338884263114072,0.314571190674438,0.3237302248126562,0.360699417152373,0.3708576186511241,0.3801831806827644,0.4069941715237302,0.3986677768526228,0.4153205661948376,0.4069941715237302,0.4069941715237302,0.4254787676935887,0.4532889258950874,0.4634471273938385,0.4902581182348043,0.4902581182348043,0.4985845129059117,0.518068276436303,0.5282264779350542,0.5365528726061616,0.5365528726061616,0.5633638634471274,0.5836802664446294,0.6021648626144879,0.6198168193172356,0.6383014154870941,0.6562864279766862,0.685428809325562,0.7030807660283097,0.7030807660283097,0.7317235636969193,0.7502081598667777,0.7502081598667777,0.7686927560366361,0.7863447127393839,0.7863447127393839,0.7965029142381349,0.808992506244796,0.808992506244796,0.808992506244796,0.8048293089092423,0.8233139050791007,0.8334721065778518,0.08218664748028896,0.05956770692808108,0.04712654015648891,0.04074107383757528,0.04096591420091731,0.04867044398477086,0.06418442905537074,0.0769253829780856,0.1103741343646011,0.1459213958089756,0.1721752555685463,0.1906796174715952,0.1938948346673861,0.1912642024162844,0.1860179272716371,0.1770617861318463,0.166921485745121,0.1789879185778097,0.1768144617321702,0.168705219294301,0.1647855022933717,0.1580852594657793,0.141409599184579,0.118685733129478
0.1703015858740295,0.1428260934736337,0.120117216776089,0.08818239050274301,0.07230116617201786,0.08539436999730196,0.1165497496777288,0.1369427706328507,0.1670414006055701,0.1931153880744671,0.2101582876157927,0.2157118445903408,0.2134634409569206,0.2158542434871241,0.2079323680187068,0.1983916419342267,0.1982342536798872,0.2163563869652547,0.2103456545852445,0.196757801960608,0.1830125610816321,0.1650628054081603,0.1350691009383338,0.1014779506550349,0.08218664748028896,0.05956770692808108,0.04712654015648891,0.04074107383757528,0.04096591420091731,0.04867044398477086,0.06418442905537074,0.0769253829780856,0.1103741343646011,0.1459213958089756,0.1721752555685463,0.1906796174715952,0.1938948346673861,0.1912642024162844,0.1860179272716371,0.1770617861318463,0.166921485745121,0.1789879185778097,0.1768144617321702,0.168705219294301,0.1647855022933717,0.1580852594657793,0.141409599184579,0.118685733129478,0.5365528726061616,0.5365528726061616,0.5633638634471274,0.5836802664446294,0.6021648626144879,0.6198168193172356,0.6383014154870941,0.6562864279766862,0.685428809325562,0.7030807660283097,0.7030807660283097,0.7317235636969193,0.7502081598667777,0.7502081598667777,0.7686927560366361,0.7863447127393839,0.7863447127393839,0.7965029142381349,0.808992506244796,0.808992506244796,0.808992506244796,0.8048293089092423,0.8233139050791007,0.8334721065778518,0.8233139050791007,0.8334721065778518,0.8334721065778518,0.6198168193172356,0.5735220649458784,0.4902581182348043,0.44496253122398,0.4273105745212323,0.4439633638634471,0.4439633638634471,0.4532889258950874,0.4717735220649459,0.4717735220649459,0.4800999167360533,0.4717735220649459,0.4717735220649459,0.4717735220649459,0.5004163197335554,0.4920899250624479,0.5105745212323064,0.5105745212323064,0.5189009159034138,0.5282264779350542,0.5282264779350542,0.09505501094223104,0.07701531912342233,0.0660056359984411,0.06183109991905741,0.06658272626435235,0.07831939323080607,0.0985700152891447,0.1122852774530084,0.1393560571993885,0.1682780226039512,0.1997182000779447,0.2207782474443146,0.2341637437419433,0.2399871091525017,0.2410438588602093,0.2454732140180472,0.2479764367299218,0.2703330635248973,0.2748148814341818,0.2636627994124171,0.2547741103816291,0.2416659171987888,0.219271817009923,0.1882663309050573
0.08218664748028896,0.05956770692808108,0.04712654015648891,0.04074107383757528,0.04096591420091731,0.04867044398477086,0.06418442905537074,0.0769253829780856,0.1103741343646011,0.1459213958089756,0.1721752555685463,0.1906796174715952,0.1938948346673861,0.1912642024162844,0.1860179272716371,0.1770617861318463,0.166921485745121,0.1789879185778097,0.1768144617321702,0.168705219294301,0.1647855022933717,0.1580852594657793,0.141409599184579,0.118685733129478,0.09505501094223104,0.07701531912342233,0.0660056359984411,0.06183109991905741,0.06658272626435235,0.07831939323080607,0.0985700152891447,0.1122852774530084,0.1393560571993885,0.1682780226039512,0.1997182000779447,0.2207782474443146,0.2341637437419433,0.2399871091525017,0.2410438588602093,0.2454732140180472,0.2479764367299218,0.2703330635248973,0.2748148814341818,0.2636627994124171,0.2547741103816291,0.2416659171987888,0.219271817009923,0.1882663309050573,0.8233139050791007,0.8334721065778518,0.8334721065778518,0.6198168193172356,0.5735220649458784,0.4902581182348043,0.44496253122398,0.4273105745212323,0.4439633638634471,0.4439633638634471,0.4532889258950874,0.4717735220649459,0.4717735220649459,0.4800999167360533,0.4717735220649459,0.4717735220649459,0.4717735220649459,0.5004163197335554,0.4920899250624479,0.5105745212323064,0.5105745212323064,0.5189009159034138,0.5282264779350542,0.5282264779350542,0.5365528726061616,0.5365528726061616,0.5633638634471274,0.5836802664446294,0.6104912572855953,0.628143213988343,0.6466278101582015,0.671940049958368,0.6955870108243131,0.7217318900915903,0.7372189841798501,0.7603663613655287,0.7853455453788509,0.7770191507077435,0.7871773522064945,0.7946711074104913,0.7863447127393839,0.7965029142381349,0.8006661115736886,0.8006661115736886,0.8006661115736886,0.7965029142381349,0.8048293089092423,0.7248959200666112,0.1597116047606199,0.1385166531762449,0.1233474233294361,0.11557544143658,0.1134394579848307,0.1219609077554936,0.1409149503852265,0.1601462961297479,0.1956336001438979,0.2355877327097761,0.2741253709865995,0.2985430344455437,0.3109916958959139,0.3144242587762689,0.3100323770123213,0.3091854783103997,0.3071469256827652,0.3136822855772402,0.320202656114159,0.3012785921995384,0.2830740174476121,0.2613469436699943,0.2291722876757502,0.1794600833408279
0.09505501094223104,0.07701531912342233,0.0660056359984411,0.06183109991905741,0.06658272626435235,0.07831939323080607,0.0985700152891447,0.1122852774530084,0.1393560571993885,0.1682780226039512,0.1997182000779447,0.2207782474443146,0.2341637437419433,0.2399871091525017,0.2410438588602093,0.2454732140180472,0.2479764367299218,0.2703330635248973,0.2748148814341818,0.2636627994124171,0.2547741103816291,0.2416659171987888,0.219271817009923,0.1882663309050573,0.1597116047606199,0.1385166531762449,0.1233474233294361,0.11557544143658,0.1134394579848307,0.1219609077554936,0.1409149503852265,0.1601462961297479,0.1956336001438979,0.2355877327097761,0.2741253709865995,0.2985430344455437,0.3109916958959139,0.3144242587762689,0.3100323770123213,0.3091854783103997,0.3071469256827652,0.3136822855772402,0.320202656114159,0.3012785921995384,0.2830740174476121,0.2613469436699943,0.2291722876757502,0.1794600833408279,0.5365528726061616,0.5365528726061616,0.5633638634471274,0.5836802664446294,0.6104912572855953,0.628143213988343,0.6466278101582015,0.671940049958368,0.6955870108243131,0.7217318900915903,0.7372189841798501,0.7603663613655287,0.7853455453788509,0.7770191507077435,0.7871773522064945,0.7946711074104913,0.7863447127393839,0.7965029142381349,0.8006661115736886,0.8006661115736886,0.8006661115736886,0.7965029142381349,0.8048293089092423,0.7248959200666112,0.5911740216486262,0.55503746877602,0.4171523730224813,0.4634471273938385,0.4532889258950874,0.4616153205661949,0.4356369691923397,0.4356369691923397,0.4616153205661949,0.4717735220649459,0.4717735220649459,0.4717735220649459,0.4616153205661949,0.4532889258950874,0.4532889258950874,0.44496253122398,0.434804329725229,0.44496253122398,0.44496253122398,0.4634471273938385,0.4634471273938385,0.44496253122398,0.4532889258950874,0.4532889258950874,0.1227403543484126,0.0843451149683725,0.05706448421620654,0.03858260634949188,0.03102797014119968,0.03186737416434331,0.04152801510927238,0.04865545462721467,0.07808705818868608,0.105360194262074,0.1238645561651227,0.1322211230026681,0.1374449141109813,0.1412746949665737,0.1420016788080463,0.1434106784183229,0.1441526516173517,0.1722726863926612,0.2021839493959289,0.2013670294091195,0.1928455796384567,0.1759450789939143,0.1431483646610906,0.1106814161945019
0.1597116047606199,0.1385166531762449,0.1233474233294361,0.11557544143658,0.1134394579848307,0.1219609077554936,0.1409149503852265,0.1601462961297479,0.1956336001438979,0.2355877327097761,0.2741253709865995,0.2985430344455437,0.3109916958959139,0.3144242587762689,0.3100323770123213,0.3091854783103997,0.3071469256827652,0.3136822855772402,0.320202656114159,0.3012785921995384,0.2830740174476121,0.2613469436699943,0.2291722876757502,0.1794600833408279,0.1227403543484126,0.0843451149683725,0.05706448421620654,0.03858260634949188,0.03102797014119968,0.03186737416434331,0.04152801510927238,0.04865545462721467,0.07808705818868608,0.105360194262074,0.1238645561651227,0.1322211230026681,0.1374449141109813,0.1412746949665737,0.1420016788080463,0.1434106784183229,0.1441526516173517,0.1722726863926612,0.2021839493959289,0.2013670294091195,0.1928455796384567,0.1759450789939143,0.1431483646610906,0.1106814161945019,0.5911740216486262,0.55503746877602,0.4171523730224813,0.4634471273938385,0.4532889258950874,0.4616153205661949,0.4356369691923397,0.4356369691923397,0.4616153205661949,0.4717735220649459,0.4717735220649459,0.4717735220649459,0.4616153205661949,0.4532889258950874,0.4532889258950874,0.44496253122398,0.434804329725229,0.44496253122398,0.44496253122398,0.4634471273938385,0.4634471273938385,0.44496253122398,0.4532889258950874,0.4532889258950874,0.4532889258950874,0.4532889258950874,0.4717735220649459,0.4717735220649459,0.4717735220649459,0.4800999167360533,0.4800999167360533,0.5004163197335554,0.4819317235636969,0.4862614487926729,0.4874271440466279,0.4819317235636969,0.4967527060782681,0.4902581182348043,0.4902581182348043,0.4800999167360533,0.4717735220649459,0.4717735220649459,0.4717735220649459,0.4920899250624479,0.5105745212323064,0.5189009159034138,0.5189009159034138,0.438134887593672,0.07912132386005935,0.0712444164643103,0.06868873100098924,0.07678298408130221,0.1033216416344395,0.1588722007374764,0.2335566747609198,0.2585514284857751,0.2586413646311119,0.2542869562610547,0.249887579818329,0.2415609916958959,0.2331444674281261,0.2299742183050034,0.2245255868333484,0.2197364870941632,0.219496657373265,0.2536948766375873,0.282159666636688,0.2825568846119255,0.281949815630902,0.2627034805288245,0.2244431453667896,0.1861078634169739
0.1227403543484126,0.0843451149683725,0.05706448421620654,0.03858260634949188,0.03102797014119968,0.03186737416434331,0.04152801510927238,0.04865545462721467,0.07808705818868608,0.105360194262074,0.1238645561651227,0.1322211230026681,0.1374449141109813,0.1412746949665737,0.1420016788080463,0.1434106784183229,0.1441526516173517,0.1722726863926612,0.2021839493959289,0.2013670294091195,0.1928455796384567,0.1759450789939143,0.1431483646610906,0.1106814161945019,0.07912132386005935,0.0712444164643103,0.06868873100098924,0.07678298408130221,0.1033216416344395,0.1588722007374764,0.2335566747609198,0.2585514284857751,0.2586413646311119,0.2542869562610547,0.249887579818329,0.2415609916958959,0.2331444674281261,0.2299742183050034,0.2245255868333484,0.2197364870941632,0.219496657373265,0.2536948766375873,0.282159666636688,0.2825568846119255,0.281949815630902,0.2627034805288245,0.2244431453667896,0.1861078634169739,0.4532889258950874,0.4532889258950874,0.4717735220649459,0.4717735220649459,0.4717735220649459,0.4800999167360533,0.4800999167360533,0.5004163197335554,0.4819317235636969,0.4862614487926729,0.4874271440466279,0.4819317235636969,0.4967527060782681,0.4902581182348043,0.4902581182348043,0.4800999167360533,0.4717735220649459,0.4717735220649459,0.4717735220649459,0.4920899250624479,0.5105745212323064,0.5189009159034138,0.5189009159034138,0.438134887593672,0.314571190674438,0.2682764363030808,0.130391340549542,0.1572023313905079,0.1387177352206495,0.1470441298917569,0.1387177352206495,0.1655287260616153,0.2034970857618651,0.2321398834304746,0.2219816819317236,0.2034970857618651,0.2118234804329726,0.1850124895920067,0.183180682764363,0.1665278934221482,0.1665278934221482,0.2136552872606162,0.2682764363030808,0.2766028309741882,0.2682764363030808,0.2497918401332223,0.2664446294754371,0.2479600333055787,0.1531837395449231,0.1449545822466049,0.1428485775099679,0.1491516023623227,0.1744311538807447,0.2311733669094942,0.3027400545612616,0.3150613064724046,0.2967593008963635,0.2734883232904637,0.2559507749497856,0.2424828371855983,0.2331444674281261,0.2332943610036874,0.2328521749557814,0.2315705848847319,0.2272236711934527,0.2485910003897233,0.2652141979194771,0.2586938273825584,0.2464700062955301,0.2201337050694007,0.1780510837305513,0.1371751056749708
0.07912132386005935,0.0712444164643103,0.06868873100098924,0.07678298408130221,0.1033216416344395,0.1588722007374764,0.2335566747609198,0.2585514284857751,0.2586413646311119,0.2542869562610547,0.249887579818329,0.2415609916958959,0.2331444674281261,0.2299742183050034,0.2245255868333484,0.2197364870941632,0.219496657373265,0.2536948766375873,0.282159666636688,0.2825568846119255,0.281949815630902,0.2627034805288245,0.2244431453667896,0.1861078634169739,0.1531837395449231,0.1449545822466049,0.1428485775099679,0.1491516023623227,0.1744311538807447,0.2311733669094942,0.3027400545612616,0.3150613064724046,0.2967593008963635,0.2734883232904637,0.2559507749497856,0.2424828371855983,0.2331444674281261,0.2332943610036874,0.2328521749557814,0.2315705848847319,0.2272236711934527,0.2485910003897233,0.2652141979194771,0.2586938273825584,0.2464700062955301,0.2201337050694007,0.1780510837305513,0.1371751056749708,0.314571190674438,0.2682764363030808,0.130391340549542,0.1572023313905079,0.1387177352206495,0.1470441298917569,0.1387177352206495,0.1655287260616153,0.2034970857618651,0.2321398834304746,0.2219816819317236,0.2034970857618651,0.2118234804329726,0.1850124895920067,0.183180682764363,0.1665278934221482,0.1665278934221482,0.2136552872606162,0.2682764363030808,0.2766028309741882,0.2682764363030808,0.2497918401332223,0.2664446294754371,0.2479600333055787,0.2581182348043297,0.2479600333055787,0.2497918401332223,0.2581182348043297,0.240466278101582,0.2581182348043297,0.2664446294754371,0.2867610324729392,0.240466278101582,0.2136552872606162,0.1933388842631141,0.1933388842631141,0.2016652789342215,0.1706910907577019,0.1470441298917569,0.1655287260616153,0.1655287260616153,0.1748542880932556,0.183180682764363,0.2321398834304746,0.2506244796003331,0.2691090757701915,0.277435470441299,0.2969192339716902,0.1145861438378752,0.1041085829061366,0.1002188446203196,0.1041685403363612,0.1241118805647989,0.1764921905447133,0.2484336121353839,0.2610396618400935,0.2490556704739635,0.2373339928650658,0.2326573133075517,0.232035254968972,0.2339913661300476,0.242123092604251,0.2463201127199688,0.240579188775969,0.2342237011721678,0.2577195191414096,0.2706628293911323,0.2609497256947568,0.2498051383517702,0.2231915340108522,0.1771966903498516,0.1306922085319424
0.1531837395449231,0.1449545822466049,0.1428485775099679,0.1491516023623227,0.1744311538807447,0.2311733669094942,0.3027400545612616,0.3150613064724046,0.2967593008963635,0.2734883232904637,0.2559507749497856,0.2424828371855983,0.2331444674281261,0.2332943610036874,0.2328521749557814,0.2315705848847319,0.2272236711934527,0.2485910003897233,0.2652141979194771,0.2586938273825584,0.2464700062955301,0.2201337050694007,0.1780510837305513,0.1371751056749708,0.1145861438378752,0.1041085829061366,0.1002188446203196,0.1041685403363612,0.1241118805647989,0.1764921905447133,0.2484336121353839,0.2610396618400935,0.2490556704739635,0.2373339928650658,0.2326573133075517,0.232035254968972,0.2339913661300476,0.242123092604251,0.2463201127199688,0.240579188775969,0.2342237011721678,0.2577195191414096,0.2706628293911323,0.2609497256947568,0.2498051383517702,0.2231915340108522,0.1771966903498516,0.1306922085319424,0.2581182348043297,0.2479600333055787,0.2497918401332223,0.2581182348043297,0.240466278101582,0.2581182348043297,0.2664446294754371,0.2867610324729392,0.240466278101582,0.2136552872606162,0.1933388842631141,0.1933388842631141,0.2016652789342215,0.1706910907577019,0.1470441298917569,0.1655287260616153,0.1655287260616153,0.1748542880932556,0.183180682764363,0.2321398834304746,0.2506244796003331,0.2691090757701915,0.277435470441299,0.2969192339716902,0.314571190674438,0.3228975853455454,0.314571190674438,0.3052456286427976,0.3237302248126562,0.3237302248126562,0.3616985845129059,0.4153205661948376,0.4634471273938385,0.4717735220649459,0.4717735220649459,0.4431307243963364,0.4616153205661949,0.4431307243963364,0.4514571190674438,0.4532889258950874,0.4431307243963364,0.4819317235636969,0.544879267277269,0.534721065778518,0.5365528726061616,0.5365528726061616,0.55503746877602,0.5365528726061616,0.1023548280720688,0.09111280990496747,0.08539436999730196,0.08567167311209038,0.1045132955601522,0.1517897292922026,0.2145276853434062,0.2312932817699433,0.2327097760589981,0.2339688820937135,0.2386530563300057,0.246777288125431,0.2534175735227989,0.2649743681985789,0.2692763138171899,0.2661510327667356,0.2610321671613155,0.2757142428875499,0.2837635278951944,0.2758416524267769,0.2656114158947147,0.2425203105794886,0.197424828371856,0.1482222621938424
0.1145861438378752,0.1041085829061366,0.1002188446203196,0.1041685403363612,0.1241118805647989,0.1764921905447133,0.2484336121353839,0.2610396618400935,0.2490556704739635,0.2373339928650658,0.2326573133075517,0.232035254968972,0.2339913661300476,0.242123092604251,0.2463201127199688,0.240579188775969,0.2342237011721678,0.2577195191414096,0.2706628293911323,0.2609497256947568,0.2498051383517702,0.2231915340108522,0.1771966903498516,0.1306922085319424,0.1023548280720688,0.09111280990496747,0.08539436999730196,0.08567167311209038,0.1045132955601522,0.1517897292922026,0.2145276853434062,0.2312932817699433,0.2327097760589981,0.2339688820937135,0.2386530563300057,0.246777288125431,0.2534175735227989,0.2649743681985789,0.2692763138171899,0.2661510327667356,0.2610321671613155,0.2757142428875499,0.2837635278951944,0.2758416524267769,0.2656114158947147,0.2425203105794886,0.197424828371856,0.1482222621938424,0.314571190674438,0.3228975853455454,0.314571190674438,0.3052456286427976,0.3237302248126562,0.3237302248126562,0.3616985845129059,0.4153205661948376,0.4634471273938385,0.4717735220649459,0.4717735220649459,0.4431307243963364,0.4616153205661949,0.4431307243963364,0.4514571190674438,0.4532889258950874,0.4431307243963364,0.4819317235636969,0.544879267277269,0.534721065778518,0.5365528726061616,0.5365528726061616,0.55503746877602,0.5365528726061616,0.5467110741049126,0.5365528726061616,0.5365528726061616,0.544879267277269,0.5189009159034138,0.5417152373022481,0.5768526228143215,0.5911740216486262,0.5633638634471274,0.5004163197335554,0.4616153205661949,0.3885095753538718,0.3681931723563697,0.3455453788509575,0.3237302248126561,0.3422148209825146,0.3523730224812656,0.3616985845129059,0.3700249791840133,0.3986677768526228,0.3885095753538718,0.3986677768526228,0.3968359700249792,0.3986677768526228,0.1076760500044968,0.08831729472074831,0.0786116857031508,0.07655064903918223,0.09013100698504059,0.1320787241058848,0.1930329466079083,0.2156518871601164,0.2264217405641994,0.2447837035704649,0.2603276673561771,0.2673276973348923,0.271404802590161,0.2805408160206254,0.2819048475582337,0.2778502263392991,0.2642174056419943,0.2687217075876128,0.2667431123902029,0.2459303894235094,0.2258371556195102,0.2020190664628113,0.1708711814611626,0.1309095542165063
0.1023548280720688,0.09111280990496747,0.08539436999730196,0.08567167311209038,0.1045132955601522,0.1517897292922026,0.2145276853434062,0.2312932817699433,0.2327097760589981,0.2339688820937135,0.2386530563300057,0.246777288125431,0.2534175735227989,0.2649743681985789,0.2692763138171899,0.2661510327667356,0.2610321671613155,0.2757142428875499,0.2837635278951944,0.2758416524267769,0.2656114158947147,0.2425203105794886,0.197424828371856,0.1482222621938424,0.1076760500044968,0.08831729472074831,0.0786116857031508,0.07655064903918223,0.09013100698504059,0.1320787241058848,0.1930329466079083,0.2156518871601164,0.2264217405641994,0.2447837035704649,0.2603276673561771,0.2673276973348923,0.271404802590161,0.2805408160206254,0.2819048475582337,0.2778502263392991,0.2642174056419943,0.2687217075876128,0.2667431123902029,0.2459303894235094,0.2258371556195102,0.2020190664628113,0.1708711814611626,0.1309095542165063,0.5467110741049126,0.5365528726061616,0.5365528726061616,0.544879267277269,0.5189009159034138,0.5417152373022481,0.5768526228143215,0.5911740216486262,0.5633638634471274,0.5004163197335554,0.4616153205661949,0.3885095753538718,0.3681931723563697,0.3455453788509575,0.3237302248126561,0.3422148209825146,0.3523730224812656,0.3616985845129059,0.3700249791840133,0.3986677768526228,0.3885095753538718,0.3986677768526228,0.3968359700249792,0.3986677768526228,0.4061615320566195,0.4061615320566195,0.3885095753538718,0.3885095753538718,0.4069941715237302,0.3986677768526228,0.4273105745212323,0.4624479600333056,0.507910074937552,0.5162364696086594,0.518068276436303,0.4894254787676936,0.497751873438801,0.497751873438801,0.5162364696086594,0.5263946711074106,0.5162364696086594,0.518068276436303,0.5263946711074106,0.5263946711074106,0.55503746877602,0.5735220649458784,0.5836802664446294,0.5836802664446294,0.1042509818029199,0.08298108343076414,0.07000779446592915,0.06424438648559522,0.06755703450550114,0.08244146655874322,0.1090400815421051,0.1300776448721407,0.1587972539496957,0.174243786911293,0.1842042150073448,0.1905896813262583,0.1947792067631982,0.1983092004676679,0.200535120064754,0.201756752705579,0.1982117696435531,0.2145951374524088,0.2295395269358755,0.2203960188266331,0.2091015379080852,0.1950040471265402,0.1698668945049015,0.1391462061936025
0.1076760500044968,0.08831729472074831,0.0786116857031508,0.07655064903918223,0.09013100698504059,0.1320787241058848,0.1930329466079083,0.2156518871601164,0.2264217405641994,0.2447837035704649,0.2603276673561771,0.2673276973348923,0.271404802590161,0.2805408160206254,0.2819048475582337,0.2778502263392991,0.2642174056419943,0.2687217075876128,0.2667431123902029,0.2459303894235094,0.2258371556195102,0.2020190664628113,0.1708711814611626,0.1309095542165063,0.1042509818029199,0.08298108343076414,0.07000779446592915,0.06424438648559522,0.06755703450550114,0.08244146655874322,0.1090400815421051,0.1300776448721407,0.1587972539496957,0.174243786911293,0.1842042150073448,0.1905896813262583,0.1947792067631982,0.1983092004676679,0.200535120064754,0.201756752705579,0.1982117696435531,0.2145951374524088,0.2295395269358755,0.2203960188266331,0.2091015379080852,0.1950040471265402,0.1698668945049015,0.1391462061936025,0.4061615320566195,0.4061615320566195,0.3885095753538718,0.3885095753538718,0.4069941715237302,0.3986677768526228,0.4273105745212323,0.4624479600333056,0.507910074937552,0.5162364696086594,0.518068276436303,0.4894254787676936,0.497751873438801,0.497751873438801,0.5162364696086594,0.5263946711074106,0.5162364696086594,0.518068276436303,0.5263946711074106,0.5263946711074106,0.55503746877602,0.5735220649458784,0.5836802664446294,0.5836802664446294,0.575353871773522,0.55503746877602,0.5701915070774355,0.5785179017485429,0.5610324729392173,0.5786844296419651,0.6054954204829309,0.6383014154870941,0.6559533721898418,0.6383014154870941,0.628143213988343,0.55503746877602,0.5263946711074106,0.5263946711074106,0.55503746877602,0.565195670274771,0.575353871773522,0.575353871773522,0.575353871773522,0.5836802664446294,0.5836802664446294,0.5735220649458784,0.5633638634471274,0.565195670274771,0.111131096921186,0.09193722457055489,0.08136223281470152,0.07612345234883232,0.07789219654045629,0.08579908265131758,0.1034715352100009,0.115133255388674,0.141087327997122,0.1585349401924634,0.1698369157897892,0.1805093383697574,0.1931003987169109,0.2036604011152083,0.2161465359594687,0.2173232005276254,0.2194741733369308,0.2525706748208771,0.2826168420421502,0.279611475852145,0.2682195641094823,0.2378811044158647,0.1913166651677309,0.1428111041160775
0.1042509818029199,0.08298108343076414,0.07000779446592915,0.06424438648559522,0.06755703450550114,0.08244146655874322,0.1090400815421051,0.1300776448721407,0.1587972539496957,0.174243786911293,0.1842042150073448,0.1905896813262583,0.1947792067631982,0.1983092004676679,0.200535120064754,0.201756752705579,0.1982117696435531,0.2145951374524088,0.2295395269358755,0.2203960188266331,0.2091015379080852,0.1950040471265402,0.1698668945049015,0.1391462061936025,0.111131096921186,0.09193722457055489,0.08136223281470152,0.07612345234883232,0.07789219654045629,0.08579908265131758,0.1034715352100009,0.115133255388674,0.141087327997122,0.1585349401924634,0.1698369157897892,0.1805093383697574,0.1931003987169109,0.2036604011152083,0.2161465359594687,0.2173232005276254,0.2194741733369308,0.2525706748208771,0.2826168420421502,0.279611475852145,0.2682195641094823,0.2378811044158647,0.1913166651677309,0.1428111041160775,0.575353871773522,0.55503746877602,0.5701915070774355,0.5785179017485429,0.5610324729392173,0.5786844296419651,0.6054954204829309,0.6383014154870941,0.6559533721898418,0.6383014154870941,0.628143213988343,0.55503746877602,0.5263946711074106,0.5263946711074106,0.55503746877602,0.565195670274771,0.575353871773522,0.575353871773522,0.575353871773522,0.5836802664446294,0.5836802664446294,0.5735220649458784,0.5633638634471274,0.565195670274771,0.5633638634471274,0.55503746877602,0.55503746877602,0.55503746877602,0.55503746877602,0.55503746877602,0.55503746877602,0.5735220649458784,0.603497085761865,0.6314737718567861,0.6248126561199001,0.5726894254787678,0.5726894254787678,0.55503746877602,0.5633638634471274,0.5726894254787678,0.5810158201498752,0.6013322231473772,0.6096586178184846,0.6299750208159867,0.6484596169858451,0.6669442131557035,0.6669442131557035,0.6669442131557035,0.1078259435800581,0.08870701801720775,0.08093503612435175,0.08274125370986593,0.1019576100968313,0.1460038372755343,0.2067032406991036,0.2288725005246275,0.2447012621039062,0.2700932338039992,0.2977635878526246,0.3263482927121744,0.3452123991965704,0.3678463291063345,0.375993044938094,0.372567976736517,0.3653056330005696,0.3863656803669395,0.3951569385736127,0.379882783223911,0.3600668525347004,0.3245495698054382,0.2685118565818269,0.2110276703540486
0.111131096921186,0.09193722457055489,0.08136223281470152,0.07612345234883232,0.07789219654045629,0.08579908265131758,0.1034715352100009,0.115133255388674,0.141087327997122,0.1585349401924634,0.1698369157897892,0.1805093383697574,0.1931003987169109,0.2036604011152083,0.2161465359594687,0.2173232005276254,0.2194741733369308,0.2525706748208771,0.2826168420421502,0.279611475852145,0.2682195641094823,0.2378811044158647,0.1913166651677309,0.1428111041160775,0.1078259435800581,0.08870701801720775,0.08093503612435175,0.08274125370986593,0.1019576100968313,0.1460038372755343,0.2067032406991036,0.2288725005246275,0.2447012621039062,0.2700932338039992,0.2977635878526246,0.3263482927121744,0.3452123991965704,0.3678463291063345,0.375993044938094,0.372567976736517,0.3653056330005696,0.3863656803669395,0.3951569385736127,0.379882783223911,0.3600668525347004,0.3245495698054382,0.2685118565818269,0.2110276703540486,0.5633638634471274,0.55503746877602,0.55503746877602,0.55503746877602,0.55503746877602,0.55503746877602,0.55503746877602,0.5735220649458784,0.603497085761865,0.6314737718567861,0.6248126561199001,0.5726894254787678,0.5726894254787678,0.55503746877602,0.5633638634471274,0.5726894254787678,0.5810158201498752,0.6013322231473772,0.6096586178184846,0.6299750208159867,0.6484596169858451,0.6669442131557035,0.6669442131557035,0.6669442131557035,0.6586178184845961,0.6383014154870941,0.5230641132389675,0.5320566194837636,0.5092422980849293,0.4819317235636969,0.4767693588676104,0.5004163197335554,0.5130724396336386,0.5263946711074106,0.534721065778518,0.534721065778518,0.518068276436303,0.507910074937552,0.5263946711074106,0.5365528726061616,0.5189009159034138,0.5282264779350542,0.5189009159034138,0.5189009159034138,0.5189009159034138,0.5004163197335554,0.5004163197335554,0.5004163197335554,0.158272626435231,0.1278517252750548,0.1006085679167791,0.08376053002368315,0.0885496297628683,0.1227553437059688,0.1806667266240969,0.2114548670443985,0.2143927811254009,0.2303414575651288,0.2480288994813683,0.2643373205024432,0.2659112030458374,0.2707003027850227,0.2694411967503073,0.2676649578799053,0.277835236981743,0.3135174026441227,0.3285892016668166,0.3215666876517672,0.3060077345084989,0.2791243217315706,0.2367344185628204,0.1935201007284827
0.1078259435800581,0.08870701801720775,0.08093503612435175,0.08274125370986593,0.1019576100968313,0.1460038372755343,0.2067032406991036,0.2288725005246275,0.2447012621039062,0.2700932338039992,0.2977635878526246,0.3263482927121744,0.3452123991965704,0.3678463291063345,0.375993044938094,0.372567976736517,0.3653056330005696,0.3863656803669395,0.3951569385736127,0.379882783223911,0.3600668525347004,0.3245495698054382,0.2685118565818269,0.2110276703540486,0.158272626435231,0.1278517252750548,0.1006085679167791,0.08376053002368315,0.0885496297628683,0.1227553437059688,0.1806667266240969,0.2114548670443985,0.2143927811254009,0.2303414575651288,0.2480288994813683,0.2643373205024432,0.2659112030458374,0.2707003027850227,0.2694411967503073,0.2676649578799053,0.277835236981743,0.3135174026441227,0.3285892016668166,0.3215666876517672,0.3060077345084989,0.2791243217315706,0.2367344185628204,0.1935201007284827,0.6586178184845961,0.6383014154870941,0.5230641132389675,0.5320566194837636,0.5092422980849293,0.4819317235636969,0.4767693588676104,0.5004163197335554,0.5130724396336386,0.5263946711074106,0.534721065778518,0.534721065778518,0.518068276436303,0.507910074937552,0.5263946711074106,0.5365528726061616,0.5189009159034138,0.5282264779350542,0.5189009159034138,0.5189009159034138,0.5189009159034138,0.5004163197335554,0.5004163197335554,0.5004163197335554,0.4985845129059117,0.4985845129059117,0.5004163197335555,0.4995836802664447,0.5024146544546212,0.507910074937552,0.4889258950874272,0.4995836802664447,0.5072439633638635,0.5213988343047461,0.5230641132389676,0.4800999167360533,0.4717735220649459,0.4356369691923397,0.4356369691923397,0.44496253122398,0.4532889258950874,0.4717735220649459,0.4902581182348043,0.5105745212323064,0.5189009159034138,0.5189009159034138,0.5189009159034138,0.5189009159034138,0.1711484845759511,0.1571109512246305,0.151070240129508,0.1537683244896124,0.1737416434331625,0.2259270917648469,0.2933492220523428,0.3105045417753395,0.306794675780196,0.2912282279581497,0.2790119015498996,0.262426177414036,0.2453832778727104,0.2370866684653896,0.226047006625296,0.2215127259645651,0.2279581497137032,0.2713298558023803,0.3066972449560812,0.3128578709116528,0.3116362382708277,0.2918727703330636,0.2521359834517493,0.2118221063045238
0.158272626435231,0.1278517252750548,0.1006085679167791,0.08376053002368315,0.0885496297628683,0.1227553437059688,0.1806667266240969,0.2114548670443985,0.2143927811254009,0.2303414575651288,0.2480288994813683,0.2643373205024432,0.2659112030458374,0.2707003027850227,0.2694411967503073,0.2676649578799053,0.277835236981743,0.3135174026441227,0.3285892016668166,0.3215666876517672,0.3060077345084989,0.2791243217315706,0.2367344185628204,0.1935201007284827,0.1711484845759511,0.1571109512246305,0.151070240129508,0.1537683244896124,0.1737416434331625,0.2259270917648469,0.2933492220523428,0.3105045417753395,0.306794675780196,0.2912282279581497,0.2790119015498996,0.262426177414036,0.2453832778727104,0.2370866684653896,0.226047006625296,0.2215127259645651,0.2279581497137032,0.2713298558023803,0.3066972449560812,0.3128578709116528,0.3116362382708277,0.2918727703330636,0.2521359834517493,0.2118221063045238,0.4985845129059117,0.4985845129059117,0.5004163197335555,0.4995836802664447,0.5024146544546212,0.507910074937552,0.4889258950874272,0.4995836802664447,0.5072439633638635,0.5213988343047461,0.5230641132389676,0.4800999167360533,0.4717735220649459,0.4356369691923397,0.4356369691923397,0.44496253122398,0.4532889258950874,0.4717735220649459,0.4902581182348043,0.5105745212323064,0.5189009159034138,0.5189009159034138,0.5189009159034138,0.5189009159034138,0.5189009159034138,0.5282264779350542,0.4061615320566195,0.4151540383014155,0.3838467943380516,0.3523730224812656,0.3565362198168193,0.3598667776852623,0.3650291423813489,0.3885095753538718,0.4069941715237302,0.424646128226478,0.4163197335553706,0.4144879267277269,0.4144879267277269,0.4144879267277269,0.3968359700249792,0.4061615320566195,0.3968359700249792,0.3885095753538718,0.3968359700249792,0.3801831806827644,0.3986677768526228,0.3885095753538718,0.1843990766555746,0.1749183080013191,0.1686002937914081,0.1693497616692148,0.1881314266870522,0.2403243696975148,0.3093203825284048,0.3237851125700753,0.3115238180891567,0.2938213868153611,0.2769733489222652,0.2574796894205114,0.2389978115537968,0.2301990586683454,0.2223446353089307,0.2175930089636358,0.21850735977456,0.2495428245945379,0.2747849027190695,0.2718020205653985,0.263752735557754,0.2411337950055461,0.1994259076056001,0.1576805468117637
0.1711484845759511,0.1571109512246305,0.151070240129508,0.1537683244896124,0.1737416434331625,0.2259270917648469,0.2933492220523428,0.3105045417753395,0.306794675780196,0.2912282279581497,0.2790119015498996,0.262426177414036,0.2453832778727104,0.2370866684653896,0.226047006625296,0.2215127259645651,0.2279581497137032,0.2713298558023803,0.3066972449560812,0.3128578709116528,0.3116362382708277,0.2918727703330636,0.2521359834517493,0.2118221063045238,0.1843990766555746,0.1749183080013191,0.1686002937914081,0.1693497616692148,0.1881314266870522,0.2403243696975148,0.3093203825284048,0.3237851125700753,0.3115238180891567,0.2938213868153611,0.2769733489222652,0.2574796894205114,0.2389978115537968,0.2301990586683454,0.2223446353089307,0.2175930089636358,0.21850735977456,0.2495428245945379,0.2747849027190695,0.2718020205653985,0.263752735557754,0.2411337950055461,0.1994259076056001,0.1576805468117637,0.5189009159034138,0.5282264779350542,0.4061615320566195,0.4151540383014155,0.3838467943380516,0.3523730224812656,0.3565362198168193,0.3598667776852623,0.3650291423813489,0.3885095753538718,0.4069941715237302,0.424646128226478,0.4163197335553706,0.4144879267277269,0.4144879267277269,0.4144879267277269,0.3968359700249792,0.4061615320566195,0.3968359700249792,0.3885095753538718,0.3968359700249792,0.3801831806827644,0.3986677768526228,0.3885095753538718,0.3783513738551207,0.3885095753538718,0.3810158201498751,0.3885095753538718,0.3913405495420483,0.3885095753538718,0.3695253955037469,0.3751873438800999,0.3838467943380516,0.4036636136552873,0.434804329725229,0.4221482098251458,0.4018318068276437,0.360699417152373,0.3440466278101582,0.3154038301415487,0.3052456286427976,0.313572023313905,0.3154038301415488,0.3237302248126562,0.3320566194837636,0.3237302248126562,0.3237302248126562,0.313572023313905,0.1251536409149504,0.1079833318343976,0.1001289084749827,0.1006760200257817,0.1179287705728932,0.163159156998531,0.2243607039002308,0.2405042419881883,0.2372140780046167,0.2350631051953114,0.2390352849476872,0.2413811194052223,0.2404517792367419,0.2452858470485955,0.2485760110321672,0.2478415325119166,0.2362397697634679,0.2477890697604701,0.2518212069430704,0.2330770153191235,0.2163189135713643,0.1945918397937465,0.1652351830200557,0.1270722786821356
0.1843990766555746,0.1749183080013191,0.1686002937914081,0.1693497616692148,0.1881314266870522,0.2403243696975148,0.3093203825284048,0.3237851125700753,0.3115238180891567,0.2938213868153611,0.2769733489222652,0.2574796894205114,0.2389978115537968,0.2301990586683454,0.2223446353089307,0.2175930089636358,0.21850735977456,0.2495428245945379,0.2747849027190695,0.2718020205653985,0.263752735557754,0.2411337950055461,0.1994259076056001,0.1576805468117637,0.1251536409149504,0.1079833318343976,0.1001289084749827,0.1006760200257817,0.1179287705728932,0.163159156998531,0.2243607039002308,0.2405042419881883,0.2372140780046167,0.2350631051953114,0.2390352849476872,0.2413811194052223,0.2404517792367419,0.2452858470485955,0.2485760110321672,0.2478415325119166,0.2362397697634679,0.2477890697604701,0.2518212069430704,0.2330770153191235,0.2163189135713643,0.1945918397937465,0.1652351830200557,0.1270722786821356,0.3783513738551207,0.3885095753538718,0.3810158201498751,0.3885095753538718,0.3913405495420483,0.3885095753538718,0.3695253955037469,0.3751873438800999,0.3838467943380516,0.4036636136552873,0.434804329725229,0.4221482098251458,0.4018318068276437,0.360699417152373,0.3440466278101582,0.3154038301415487,0.3052456286427976,0.313572023313905,0.3154038301415488,0.3237302248126562,0.3320566194837636,0.3237302248126562,0.3237302248126562,0.313572023313905,0.313572023313905,0.314571190674438,0.3052456286427976,0.313572023313905,0.28759367194005,0.277435470441299,0.3052456286427976,0.3312239800166528,0.3598667776852623,0.3885095753538718,0.3986677768526228,0.3978351373855121,0.4163197335553706,0.3968359700249792,0.4144879267277269,0.4431307243963364,0.4431307243963364,0.4624479600333055,0.4894254787676936,0.507910074937552,0.5355537052456286,0.5508742714404663,0.6096586178184846,0.628143213988343,0.1038687531852385,0.08756033216416347,0.07796714332823697,0.07839434001858674,0.08839973618730695,0.1086203795305333,0.1402479239739785,0.1640884971670115,0.1846389063764727,0.1904772611445873,0.1892031657523158,0.1897128039092245,0.1880489852204934,0.1887310009892976,0.1892256497886501,0.1904397877506969,0.1884986659471775,0.2091390113019755,0.2264367299217556,0.2154120574392182,0.2062685493299757,0.1944194621818509,0.1707062985280451,0.1429010402614144
0.1251536409149504,0.1079833318343976,0.1001289084749827,0.1006760200257817,0.1179287705728932,0.163159156998531,0.2243607039002308,0.2405042419881883,0.2372140780046167,0.2350631051953114,0.2390352849476872,0.2413811194052223,0.2404517792367419,0.2452858470485955,0.2485760110321672,0.2478415325119166,0.2362397697634679,0.2477890697604701,0.2518212069430704,0.2330770153191235,0.2163189135713643,0.1945918397937465,0.1652351830200557,0.1270722786821356,0.1038687531852385,0.08756033216416347,0.07796714332823697,0.07839434001858674,0.08839973618730695,0.1086203795305333,0.1402479239739785,0.1640884971670115,0.1846389063764727,0.1904772611445873,0.1892031657523158,0.1897128039092245,0.1880489852204934,0.1887310009892976,0.1892256497886501,0.1904397877506969,0.1884986659471775,0.2091390113019755,0.2264367299217556,0.2154120574392182,0.2062685493299757,0.1944194621818509,0.1707062985280451,0.1429010402614144,0.313572023313905,0.314571190674438,0.3052456286427976,0.313572023313905,0.28759367194005,0.277435470441299,0.3052456286427976,0.3312239800166528,0.3598667776852623,0.3885095753538718,0.3986677768526228,0.3978351373855121,0.4163197335553706,0.3968359700249792,0.4144879267277269,0.4431307243963364,0.4431307243963364,0.4624479600333055,0.4894254787676936,0.507910074937552,0.5355537052456286,0.5508742714404663,0.6096586178184846,0.628143213988343,0.628143213988343,0.6299750208159867,0.6198168193172356,0.6239800166527893,0.6198168193172356,0.625811823480433,0.628143213988343,0.6434637801831807,0.6651124063280599,0.6802664446294755,0.7072439633638634,0.6997502081598668,0.6794338051623647,0.6466278101582015,0.6383014154870941,0.6198168193172356,0.617985012489592,0.6383014154870941,0.6299750208159867,0.6383014154870941,0.6383014154870941,0.6299750208159867,0.6299750208159867,0.6198168193172356,0.11247264442246,0.09113529394130161,0.07658812243307256,0.06712234313637314,0.05932038252840477,0.06500134904218006,0.07771981892856065,0.08663848667446107,0.1198549030188566,0.1651677309110532,0.2034955181820907,0.2440492250502144,0.2720268609287406,0.2924198818838625,0.3056404952483736,0.3101223131576581,0.3040366339898672,0.3234928200977306,0.3467637977036305,0.3404832568876097,0.3266855532571875,0.3020505441136793,0.2547890997391852,0.20563150163384
0.1038687531852385,0.08756033216416347,0.07796714332823697,0.07839434001858674,0.08839973618730695,0.1086203795305333,0.1402479239739785,0.1640884971670115,0.1846389063764727,0.1904772611445873,0.1892031657523158,0.1897128039092245,0.1880489852204934,0.1887310009892976,0.1892256497886501,0.1904397877506969,0.1884986659471775,0.2091390113019755,0.2264367299217556,0.2154120574392182,0.2062685493299757,0.1944194621818509,0.1707062985280451,0.1429010402614144,0.11247264442246,0.09113529394130161,0.07658812243307256,0.06712234313637314,0.05932038252840477,0.06500134904218006,0.07771981892856065,0.08663848667446107,0.1198549030188566,0.1651677309110532,0.2034955181820907,0.2440492250502144,0.2720268609287406,0.2924198818838625,0.3056404952483736,0.3101223131576581,0.3040366339898672,0.3234928200977306,0.3467637977036305,0.3404832568876097,0.3266855532571875,0.3020505441136793,0.2547890997391852,0.20563150163384,0.628143213988343,0.6299750208159867,0.6198168193172356,0.6239800166527893,0.6198168193172356,0.625811823480433,0.628143213988343,0.6434637801831807,0.6651124063280599,0.6802664446294755,0.7072439633638634,0.6997502081598668,0.6794338051623647,0.6466278101582015,0.6383014154870941,0.6198168193172356,0.617985012489592,0.6383014154870941,0.6299750208159867,0.6383014154870941,0.6383014154870941,0.6299750208159867,0.6299750208159867,0.6198168193172356,0.6198168193172356,0.6114904246461282,0.6104912572855953,0.6021648626144879,0.5938384679433805,0.5836802664446294,0.6021648626144879,0.6239800166527893,0.6517901748542881,0.6567860116569525,0.6484596169858451,0.6299750208159867,0.5129059117402165,0.4810990840965862,0.4574521232306412,0.4616153205661949,0.4388009991673606,0.4364696086594505,0.434804329725229,0.434804329725229,0.4338051623646961,0.4398001665278934,0.4717735220649459,0.4902581182348043,0.1656698743891836,0.1437329496057799,0.128661150583086,0.1252885451329556,0.1398507059987408,0.1808840723086608,0.2394924603531492,0.2620514434751326,0.2744701262103906,0.3023728153011361,0.3288515154240489,0.3258911173067123,0.2895943879845309,0.2679197769583596,0.251214137962047,0.2437119645052013,0.2472644422460053,0.28327637377462,0.3077165212698984,0.3097625685763108,0.3074392181551098,0.2893845369787451,0.2534325628803549,0.2156518871601164
0.11247264442246,0.09113529394130161,0.07658812243307256,0.06712234313637314,0.05932038252840477,0.06500134904218006,0.07771981892856065,0.08663848667446107,0.1198549030188566,0.1651677309110532,0.2034955181820907,0.2440492250502144,0.2720268609287406,0.2924198818838625,0.3056404952483736,0.3101223131576581,0.3040366339898672,0.3234928200977306,0.3467637977036305,0.3404832568876097,0.3266855532571875,0.3020505441136793,0.2547890997391852,0.20563150163384,0.1656698743891836,0.1437329496057799,0.128661150583086,0.1252885451329556,0.1398507059987408,0.1808840723086608,0.2394924603531492,0.2620514434751326,0.2744701262103906,0.3023728153011361,0.3288515154240489,0.3258911173067123,0.2895943879845309,0.2679197769583596,0.251214137962047,0.2437119645052013,0.2472644422460053,0.28327637377462,0.3077165212698984,0.3097625685763108,0.3074392181551098,0.2893845369787451,0.2534325628803549,0.2156518871601164,0.6198168193172356,0.6114904246461282,0.6104912572855953,0.6021648626144879,0.5938384679433805,0.5836802664446294,0.6021648626144879,0.6239800166527893,0.6517901748542881,0.6567860116569525,0.6484596169858451,0.6299750208159867,0.5129059117402165,0.4810990840965862,0.4574521232306412,0.4616153205661949,0.4388009991673606,0.4364696086594505,0.434804329725229,0.434804329725229,0.4338051623646961,0.4398001665278934,0.4717735220649459,0.4902581182348043,0.4902581182348043,0.4717735220649459,0.4616153205661949,0.4491257285595337,0.434804329725229,0.4407993338884263,0.4329725228975854,0.434804329725229,0.4431307243963364,0.4514571190674438,0.4472939217318901,0.4532889258950874,0.4532889258950874,0.4329725228975854,0.4329725228975854,0.424646128226478,0.4329725228975854,0.4634471273938385,0.4532889258950874,0.4356369691923397,0.44496253122398,0.4356369691923397,0.4356369691923397,0.4356369691923397,0.1794001259106035,0.1708936654974968,0.1688925862637527,0.176020025781695,0.2051818209071559,0.2669079953233205,0.3485550259315886,0.3785187516863027,0.3746290134004857,0.3699523338429715,0.3577135233983872,0.336840843001469,0.3139146206193602,0.2993524597535749,0.2819423209521241,0.2734433552177953,0.2810879275714243,0.3302755043918818,0.3692628233953892,0.3777093263782714,0.3759405821866474,0.3580882573372906,0.3182015768804149,0.2806082681296279
0.1656698743891836,0.1437329496057799,0.128661150583086,0.1252885451329556,0.1398507059987408,0.1808840723086608,0.2394924603531492,0.2620514434751326,0.2744701262103906,0.3023728153011361,0.3288515154240489,0.3258911173067123,0.2895943879845309,0.2679197769583596,0.251214137962047,0.2437119645052013,0.2472644422460053,0.28327637377462,0.3077165212698984,0.3097625685763108,0.3074392181551098,0.2893845369787451,0.2534325628803549,0.2156518871601164,0.1794001259106035,0.1708936654974968,0.1688925862637527,0.176020025781695,0.2051818209071559,0.2669079953233205,0.3485550259315886,0.3785187516863027,0.3746290134004857,0.3699523338429715,0.3577135233983872,0.336840843001469,0.3139146206193602,0.2993524597535749,0.2819423209521241,0.2734433552177953,0.2810879275714243,0.3302755043918818,0.3692628233953892,0.3777093263782714,0.3759405821866474,0.3580882573372906,0.3182015768804149,0.2806082681296279,0.4902581182348043,0.4717735220649459,0.4616153205661949,0.4491257285595337,0.434804329725229,0.4407993338884263,0.4329725228975854,0.434804329725229,0.4431307243963364,0.4514571190674438,0.4472939217318901,0.4532889258950874,0.4532889258950874,0.4329725228975854,0.4329725228975854,0.424646128226478,0.4329725228975854,0.4634471273938385,0.4532889258950874,0.4356369691923397,0.44496253122398,0.4356369691923397,0.4356369691923397,0.4356369691923397,0.4273105745212323,0.4356369691923397,0.4356369691923397,0.4273105745212323,0.4273105745212323,0.4273105745212323,0.4273105745212323,0.4491257285595337,0.4769358867610325,0.4541215653621981,0.4273105745212323,0.3885095753538718,0.2353039134054954,0.2591174021648626,0.2076602830974188,0.1748542880932556,0.1603663613655287,0.130391340549542,0.11007493755204,0.11007493755204,0.120233139050791,0.1210657785179018,0.130391340549542,0.1387177352206495,0.2560781844890128,0.2485984950685013,0.2499775159636659,0.2610471565188716,0.289489462481638,0.3524747429325178,0.4266945468717211,0.4399826123452349,0.4133090505740924,0.3740968912072428,0.338954342416884,0.3072368618281021,0.2791243217315706,0.2636702940911952,0.2472344635308931,0.2366669664538178,0.2428200977306113,0.2923674191324159,0.3407155919297299,0.3542060137302515,0.3616257457205384,0.3522573972479539,0.3183664598135325,0.2822945708546931
0.1794001259106035,0.1708936654974968,0.1688925862637527,0.176020025781695,0.2051818209071559,0.2669079953233205,0.3485550259315886,0.3785187516863027,0.3746290134004857,0.3699523338429715,0.3577135233983872,0.336840843001469,0.3139146206193602,0.2993524597535749,0.2819423209521241,0.2734433552177953,0.2810879275714243,0.3302755043918818,0.3692628233953892,0.3777093263782714,0.3759405821866474,0.3580882573372906,0.3182015768804149,0.2806082681296279,0.2560781844890128,0.2485984950685013,0.2499775159636659,0.2610471565188716,0.289489462481638,0.3524747429325178,0.4266945468717211,0.4399826123452349,0.4133090505740924,0.3740968912072428,0.338954342416884,0.3072368618281021,0.2791243217315706,0.2636702940911952,0.2472344635308931,0.2366669664538178,0.2428200977306113,0.2923674191324159,0.3407155919297299,0.3542060137302515,0.3616257457205384,0.3522573972479539,0.3183664598135325,0.2822945708546931,0.4273105745212323,0.4356369691923397,0.4356369691923397,0.4273105745212323,0.4273105745212323,0.4273105745212323,0.4273105745212323,0.4491257285595337,0.4769358867610325,0.4541215653621981,0.4273105745212323,0.3885095753538718,0.2353039134054954,0.2591174021648626,0.2076602830974188,0.1748542880932556,0.1603663613655287,0.130391340549542,0.11007493755204,0.11007493755204,0.120233139050791,0.1210657785179018,0.130391340549542,0.1387177352206495,0.130391340549542,0.120233139050791,0.120233139050791,0.1119067443796836,0.1017485428809325,0.11007493755204,0.09991673605328893,0.130391340549542,0.1572023313905079,0.08226477935054123,0.1184013322231474,0.120233139050791,0.1572023313905079,0.1572023313905079,0.1748542880932556,0.1563696919233972,0.1470441298917569,0.1572023313905079,0.1387177352206495,0.1109075770191507,0.120233139050791,0.1387177352206495,0.1572023313905079,0.1756869275603664,0.2557184399076655,0.2510942231015979,0.2520085739125221,0.2618940552207933,0.290253919717001,0.3516053601942621,0.4271966903498516,0.4450490151992086,0.4199568306502384,0.3788934856252061,0.3445378781065443,0.3165377581916838,0.2863342027160715,0.2697484785802081,0.2559207962346734,0.2470096231675511,0.2485235482807206,0.2853898731900351,0.3242422879755374,0.3327712324249782,0.3348997211979494,0.3194756722726864,0.2798438108942651,0.2364421260904758
0.2560781844890128,0.2485984950685013,0.2499775159636659,0.2610471565188716,0.289489462481638,0.3524747429325178,0.4266945468717211,0.4399826123452349,0.4133090505740924,0.3740968912072428,0.338954342416884,0.3072368618281021,0.2791243217315706,0.2636702940911952,0.2472344635308931,0.2366669664538178,0.2428200977306113,0.2923674191324159,0.3407155919297299,0.3542060137302515,0.3616257457205384,0.3522573972479539,0.3183664598135325,0.2822945708546931,0.2557184399076655,0.2510942231015979,0.2520085739125221,0.2618940552207933,0.290253919717001,0.3516053601942621,0.4271966903498516,0.4450490151992086,0.4199568306502384,0.3788934856252061,0.3445378781065443,0.3165377581916838,0.2863342027160715,0.2697484785802081,0.2559207962346734,0.2470096231675511,0.2485235482807206,0.2853898731900351,0.3242422879755374,0.3327712324249782,0.3348997211979494,0.3194756722726864,0.2798438108942651,0.2364421260904758,0.130391340549542,0.120233139050791,0.120233139050791,0.1119067443796836,0.1017485428809325,0.11007493755204,0.09991673605328893,0.130391340549542,0.1572023313905079,0.08226477935054123,0.1184013322231474,0.120233139050791,0.1572023313905079,0.1572023313905079,0.1748542880932556,0.1563696919233972,0.1470441298917569,0.1572023313905079,0.1387177352206495,0.1109075770191507,0.120233139050791,0.1387177352206495,0.1572023313905079,0.1756869275603664,0.1572023313905079,0.1655287260616153,0.1488759367194005,0.1387177352206495,0.1387177352206495,0.1488759367194005,0.1572023313905079,0.1665278934221482,0.1933388842631141,0.1756869275603664,0.1590341382181516,0.1285595337218984,0.1210657785179017,0.1665278934221482,0.1748542880932556,0.1563696919233972,0.1387177352206495,0.120233139050791,0.120233139050791,0.11007493755204,0.120233139050791,0.1387177352206495,0.1563696919233972,0.183180682764363,0.2064933896933177,0.1885586233774021,0.1760949725694756,0.1730371436280241,0.1867449111131097,0.2275084689870192,0.2806682255598525,0.3079938243846868,0.3167326198399136,0.325426447222472,0.3312423179542525,0.328199478370357,0.3156983541685404,0.3098225260065354,0.3054906016728123,0.3006040711095123,0.3002143478130527,0.3240249422909735,0.3243622028359865,0.3101897652666607,0.2969991306172618,0.2771232424978265,0.2470920646341098,0.2071379320682316
0.2557184399076655,0.2510942231015979,0.2520085739125221,0.2618940552207933,0.290253919717001,0.3516053601942621,0.4271966903498516,0.4450490151992086,0.4199568306502384,0.3788934856252061,0.3445378781065443,0.3165377581916838,0.2863342027160715,0.2697484785802081,0.2559207962346734,0.2470096231675511,0.2485235482807206,0.2853898731900351,0.3242422879755374,0.3327712324249782,0.3348997211979494,0.3194756722726864,0.2798438108942651,0.2364421260904758,0.2064933896933177,0.1885586233774021,0.1760949725694756,0.1730371436280241,0.1867449111131097,0.2275084689870192,0.2806682255598525,0.3079938243846868,0.3167326198399136,0.325426447222472,0.3312423179542525,0.328199478370357,0.3156983541685404,0.3098225260065354,0.3054906016728123,0.3006040711095123,0.3002143478130527,0.3240249422909735,0.3243622028359865,0.3101897652666607,0.2969991306172618,0.2771232424978265,0.2470920646341098,0.2071379320682316,0.1572023313905079,0.1655287260616153,0.1488759367194005,0.1387177352206495,0.1387177352206495,0.1488759367194005,0.1572023313905079,0.1665278934221482,0.1933388842631141,0.1756869275603664,0.1590341382181516,0.1285595337218984,0.1210657785179017,0.1665278934221482,0.1748542880932556,0.1563696919233972,0.1387177352206495,0.120233139050791,0.120233139050791,0.11007493755204,0.120233139050791,0.1387177352206495,0.1563696919233972,0.183180682764363,0.1748542880932556,0.1748542880932556,0.1665278934221482,0.1665278934221482,0.1665278934221482,0.183180682764363,0.183180682764363,0.2219816819317236,0.2487926727726894,0.1756869275603664,0.2118234804329725,0.1933388842631141,0.230308076602831,0.1960033305578684,0.2034970857618651,0.2126561199000833,0.2404662781015821,0.2589508742714405,0.2506244796003331,0.2219816819317236,0.2219816819317236,0.2497918401332223,0.2867610324729392,0.2950874271440466,0.1799847108552927,0.1574107383757532,0.1453068321491741,0.1417918278022604,0.1478250442186048,0.1620949126120455,0.1895104475822166,0.2176079983211919,0.2380984501004287,0.2542719669034985,0.2593383697574722,0.2570674820877177,0.2453982672302665,0.2298168300506641,0.2171957909883982,0.2126764996852235,0.2197664658092754,0.2510492550289294,0.2753245195910903,0.2696135743622029,0.2666981443175345,0.2577794765716341,0.2380834607428726,0.213298558023803
0.2064933896933177,0.1885586233774021,0.1760949725694756,0.1730371436280241,0.1867449111131097,0.2275084689870192,0.2806682255598525,0.3079938243846868,0.3167326198399136,0.325426447222472,0.3312423179542525,0.328199478370357,0.3156983541685404,0.3098225260065354,0.3054906016728123,0.3006040711095123,0.3002143478130527,0.3240249422909735,0.3243622028359865,0.3101897652666607,0.2969991306172618,0.2771232424978265,0.2470920646341098,0.2071379320682316,0.1799847108552927,0.1574107383757532,0.1453068321491741,0.1417918278022604,0.1478250442186048,0.1620949126120455,0.1895104475822166,0.2176079983211919,0.2380984501004287,0.2542719669034985,0.2593383697574722,0.2570674820877177,0.2453982672302665,0.2298168300506641,0.2171957909883982,0.2126764996852235,0.2197664658092754,0.2510492550289294,0.2753245195910903,0.2696135743622029,0.2666981443175345,0.2577794765716341,0.2380834607428726,0.213298558023803,0.1748542880932556,0.1748542880932556,0.1665278934221482,0.1665278934221482,0.1665278934221482,0.183180682764363,0.183180682764363,0.2219816819317236,0.2487926727726894,0.1756869275603664,0.2118234804329725,0.1933388842631141,0.230308076602831,0.1960033305578684,0.2034970857618651,0.2126561199000833,0.2404662781015821,0.2589508742714405,0.2506244796003331,0.2219816819317236,0.2219816819317236,0.2497918401332223,0.2867610324729392,0.2950874271440466,0.2766028309741882,0.2766028309741882,0.2682764363030808,0.2581182348043297,0.2479600333055787,0.2682764363030808,0.2766028309741882,0.2682764363030808,0.2849292256452956,0.3052456286427976,0.3052456286427976,0.3052456286427976,0.3154038301415487,0.3330557868442964,0.3515403830141549,0.3413821815154038,0.3154038301415487,0.3052456286427976,0.2969192339716902,0.2766028309741882,0.2766028309741882,0.2766028309741882,0.2766028309741882,0.2849292256452956,0.1880414905417153,0.17479839314087,0.1698219264322332,0.1699493359714602,0.1781185358395539,0.1939248133824984,0.2174356207092964,0.2356476901400006,0.2462676499685224,0.2406091674910814,0.2242482837185598,0.206081182360524,0.1861678208471984,0.1654974967772881,0.1531087927571425,0.1472029858800251,0.1499910063854663,0.190334862247804,0.2323800101927631,0.237236562040951,0.2400470665827263,0.2361423389393531,0.213838174895824,0.1872545492700182
0.1799847108552927,0.1574107383757532,0.1453068321491741,0.1417918278022604,0.1478250442186048,0.1620949126120455,0.1895104475822166,0.2176079983211919,0.2380984501004287,0.2542719669034985,0.2593383697574722,0.2570674820877177,0.2453982672302665,0.2298168300506641,0.2171957909883982,0.2126764996852235,0.2197664658092754,0.2510492550289294,0.2753245195910903,0.2696135743622029,0.2666981443175345,0.2577794765716341,0.2380834607428726,0.213298558023803,0.1880414905417153,0.17479839314087,0.1698219264322332,0.1699493359714602,0.1781185358395539,0.1939248133824984,0.2174356207092964,0.2356476901400006,0.2462676499685224,0.2406091674910814,0.2242482837185598,0.206081182360524,0.1861678208471984,0.1654974967772881,0.1531087927571425,0.1472029858800251,0.1499910063854663,0.190334862247804,0.2323800101927631,0.237236562040951,0.2400470665827263,0.2361423389393531,0.213838174895824,0.1872545492700182,0.2766028309741882,0.2766028309741882,0.2682764363030808,0.2581182348043297,0.2479600333055787,0.2682764363030808,0.2766028309741882,0.2682764363030808,0.2849292256452956,0.3052456286427976,0.3052456286427976,0.3052456286427976,0.3154038301415487,0.3330557868442964,0.3515403830141549,0.3413821815154038,0.3154038301415487,0.3052456286427976,0.2969192339716902,0.2766028309741882,0.2766028309741882,0.2766028309741882,0.2766028309741882,0.2849292256452956,0.2849292256452956,0.2849292256452956,0.2682764363030808,0.2682764363030808,0.2682764363030808,0.2766028309741882,0.2664446294754371,0.2766028309741882,0.3052456286427976,0.3052456286427976,0.2950874271440466,0.2766028309741882,0.2766028309741882,0.2219816819317236,0.2034970857618651,0.203330557868443,0.2404662781015821,0.2589508742714405,0.2682764363030808,0.2497918401332223,0.2682764363030808,0.2581182348043297,0.2867610324729392,0.2766028309741882,0.1647330395419252,0.1550199358455497,0.1545627604400876,0.163608837725215,0.1882738255838355,0.232252600653536,0.2838534640405313,0.3110141799322481,0.3153461042659711,0.3030623257487184,0.281380220043769,0.2569175885121563,0.2338339778757082,0.226047006625296,0.2183124981263304,0.2110201756752705,0.2061411397907485,0.2283328836526066,0.2483136972749348,0.2437194591839794,0.2439592889048775,0.2359849506850136,0.2154120574392182,0.1887534850256317
0.1880414905417153,0.17479839314087,0.1698219264322332,0.1699493359714602,0.1781185358395539,0.1939248133824984,0.2174356207092964,0.2356476901400006,0.2462676499685224,0.2406091674910814,0.2242482837185598,0.206081182360524,0.1861678208471984,0.1654974967772881,0.1531087927571425,0.1472029858800251,0.1499910063854663,0.190334862247804,0.2323800101927631,0.237236562040951,0.2400470665827263,0.2361423389393531,0.213838174895824,0.1872545492700182,0.1647330395419252,0.1550199358455497,0.1545627604400876,0.163608837725215,0.1882738255838355,0.232252600653536,0.2838534640405313,0.3110141799322481,0.3153461042659711,0.3030623257487184,0.281380220043769,0.2569175885121563,0.2338339778757082,0.226047006625296,0.2183124981263304,0.2110201756752705,0.2061411397907485,0.2283328836526066,0.2483136972749348,0.2437194591839794,0.2439592889048775,0.2359849506850136,0.2154120574392182,0.1887534850256317,0.2849292256452956,0.2849292256452956,0.2682764363030808,0.2682764363030808,0.2682764363030808,0.2766028309741882,0.2664446294754371,0.2766028309741882,0.3052456286427976,0.3052456286427976,0.2950874271440466,0.2766028309741882,0.2766028309741882,0.2219816819317236,0.2034970857618651,0.203330557868443,0.2404662781015821,0.2589508742714405,0.2682764363030808,0.2497918401332223,0.2682764363030808,0.2581182348043297,0.2867610324729392,0.2766028309741882,0.2682764363030808,0.2682764363030808,0.2682764363030808,0.2581182348043297,0.2581182348043297,0.2682764363030808,0.2766028309741882,0.3052456286427976,0.3320566194837635,0.3598667776852623,0.3598667776852623,0.3598667776852623,0.3515403830141549,0.3598667776852623,0.3598667776852623,0.3598667776852623,0.3700249791840133,0.3885095753538718,0.3801831806827644,0.3885095753538718,0.3885095753538718,0.3986677768526228,0.3986677768526228,0.3885095753538718,0.1557619090445784,0.1399106634289655,0.1352939413016758,0.1376322810804329,0.1507929370147195,0.1779236741913241,0.2144677279131816,0.2322825793686483,0.2377611895554157,0.2270887669754474,0.2082771232424978,0.1943744941091824,0.1835671673112091,0.1808765776298828,0.1817684444044728,0.1812588062475642,0.1760425098180292,0.1927556434931199,0.2090565698354169,0.1956410948226759,0.1815735827562431,0.1672437569325778,0.1471580178073567,0.1236322211230026
0.1647330395419252,0.1550199358455497,0.1545627604400876,0.163608837725215,0.1882738255838355,0.232252600653536,0.2838534640405313,0.3110141799322481,0.3153461042659711,0.3030623257487184,0.281380220043769,0.2569175885121563,0.2338339778757082,0.226047006625296,0.2183124981263304,0.2110201756752705,0.2061411397907485,0.2283328836526066,0.2483136972749348,0.2437194591839794,0.2439592889048775,0.2359849506850136,0.2154120574392182,0.1887534850256317,0.1557619090445784,0.1399106634289655,0.1352939413016758,0.1376322810804329,0.1507929370147195,0.1779236741913241,0.2144677279131816,0.2322825793686483,0.2377611895554157,0.2270887669754474,0.2082771232424978,0.1943744941091824,0.1835671673112091,0.1808765776298828,0.1817684444044728,0.1812588062475642,0.1760425098180292,0.1927556434931199,0.2090565698354169,0.1956410948226759,0.1815735827562431,0.1672437569325778,0.1471580178073567,0.1236322211230026,0.2682764363030808,0.2682764363030808,0.2682764363030808,0.2581182348043297,0.2581182348043297,0.2682764363030808,0.2766028309741882,0.3052456286427976,0.3320566194837635,0.3598667776852623,0.3598667776852623,0.3598667776852623,0.3515403830141549,0.3598667776852623,0.3598667776852623,0.3598667776852623,0.3700249791840133,0.3885095753538718,0.3801831806827644,0.3885095753538718,0.3885095753538718,0.3986677768526228,0.3986677768526228,0.3885095753538718,0.3783513738551207,0.3681931723563697,0.3598667776852623,0.3598667776852623,0.3413821815154038,0.3298917568692756,0.3312239800166528,0.3801831806827644,0.4273105745212324,0.434804329725229,0.4329725228975854,0.4163197335553706,0.4163197335553706,0.4061615320566195,0.4061615320566195,0.4069941715237302,0.4069941715237302,0.4069941715237302,0.4163197335553706,0.4163197335553706,0.424646128226478,0.4061615320566195,0.424646128226478,0.4253122398001665,0.102264891926732,0.08806247564229391,0.08040291393110893,0.0774050424198819,0.08430014689570407,0.09943190334862247,0.1188581107413737,0.1279416614203915,0.1425937584315136,0.1491216236472105,0.1483571664118475,0.147735108073268,0.1452693587552838,0.1443325239080253,0.1436130347453308,0.1432982582366519,0.135211499835117,0.1460488053482028,0.1652501723776119,0.160491051353539,0.1551848187786671,0.1448646461012681,0.1214287855622508,0.09204215007344782
0.1557619090445784,0.1399106634289655,0.1352939413016758,0.1376322810804329,0.1507929370147195,0.1779236741913241,0.2144677279131816,0.2322825793686483,0.2377611895554157,0.2270887669754474,0.2082771232424978,0.1943744941091824,0.1835671673112091,0.1808765776298828,0.1817684444044728,0.1812588062475642,0.1760425098180292,0.1927556434931199,0.2090565698354169,0.1956410948226759,0.1815735827562431,0.1672437569325778,0.1471580178073567,0.1236322211230026,0.102264891926732,0.08806247564229391,0.08040291393110893,0.0774050424198819,0.08430014689570407,0.09943190334862247,0.1188581107413737,0.1279416614203915,0.1425937584315136,0.1491216236472105,0.1483571664118475,0.147735108073268,0.1452693587552838,0.1443325239080253,0.1436130347453308,0.1432982582366519,0.135211499835117,0.1460488053482028,0.1652501723776119,0.160491051353539,0.1551848187786671,0.1448646461012681,0.1214287855622508,0.09204215007344782,0.3783513738551207,0.3681931723563697,0.3598667776852623,0.3598667776852623,0.3413821815154038,0.3298917568692756,0.3312239800166528,0.3801831806827644,0.4273105745212324,0.434804329725229,0.4329725228975854,0.4163197335553706,0.4163197335553706,0.4061615320566195,0.4061615320566195,0.4069941715237302,0.4069941715237302,0.4069941715237302,0.4163197335553706,0.4163197335553706,0.424646128226478,0.4061615320566195,0.424646128226478,0.4253122398001665,0.4204829308909243,0.4069941715237302,0.424646128226478,0.4061615320566195,0.424646128226478,0.4069941715237302,0.4329725228975854,0.4666111573688593,0.5189009159034138,0.5162364696086594,0.5263946711074106,0.534721065778518,0.518068276436303,0.5162364696086594,0.5162364696086594,0.507910074937552,0.5263946711074106,0.544879267277269,0.5467110741049126,0.5365528726061616,0.5263946711074106,0.5365528726061616,0.5365528726061616,0.5365528726061616,0.04737386455616509,0.02955151842192045,0.01921635638696523,0.01711035165032828,0.02822496027820244,0.05489102737056694,0.08857211379920259,0.1122253200227839,0.1381868873100099,0.1662994274065414,0.191766345894415,0.2109302395299338,0.2205683964385286,0.2309710105824865,0.2369067961747159,0.2362772431573582,0.2264067512066433,0.2366294930599275,0.2487783673591751,0.2279356656773691,0.2084944689270618,0.1864601133195432,0.1543379200767455,0.1164972869262824
0.102264891926732,0.08806247564229391,0.08040291393110893,0.0774050424198819,0.08430014689570407,0.09943190334862247,0.1188581107413737,0.1279416614203915,0.1425937584315136,0.1491216236472105,0.1483571664118475,0.147735108073268,0.1452693587552838,0.1443325239080253,0.1436130347453308,0.1432982582366519,0.135211499835117,0.1460488053482028,0.1652501723776119,0.160491051353539,0.1551848187786671,0.1448646461012681,0.1214287855622508,0.09204215007344782,0.04737386455616509,0.02955151842192045,0.01921635638696523,0.01711035165032828,0.02822496027820244,0.05489102737056694,0.08857211379920259,0.1122253200227839,0.1381868873100099,0.1662994274065414,0.191766345894415,0.2109302395299338,0.2205683964385286,0.2309710105824865,0.2369067961747159,0.2362772431573582,0.2264067512066433,0.2366294930599275,0.2487783673591751,0.2279356656773691,0.2084944689270618,0.1864601133195432,0.1543379200767455,0.1164972869262824,0.4204829308909243,0.4069941715237302,0.424646128226478,0.4061615320566195,0.424646128226478,0.4069941715237302,0.4329725228975854,0.4666111573688593,0.5189009159034138,0.5162364696086594,0.5263946711074106,0.534721065778518,0.518068276436303,0.5162364696086594,0.5162364696086594,0.507910074937552,0.5263946711074106,0.544879267277269,0.5467110741049126,0.5365528726061616,0.5263946711074106,0.5365528726061616,0.5365528726061616,0.5365528726061616,0.5365528726061616,0.544879267277269,0.544879267277269,0.544879267277269,0.5297252289758534,0.5250624479600333,0.5365528726061616,0.5836802664446294,0.6021648626144879,0.6299750208159867,0.6383014154870941,0.6299750208159867,0.6299750208159867,0.6299750208159867,0.6383014154870941,0.6484596169858451,0.6383014154870941,0.6383014154870941,0.6484596169858451,0.6484596169858451,0.628143213988343,0.6198168193172356,0.6198168193172356,0.6254787676935888,0.07943610036873824,0.06021974398177288,0.04798093353718858,0.04547771082531404,0.05516083580657726,0.08154959978415321,0.1157927871211439,0.1414320832209131,0.1653101298078364,0.1878766076085979,0.2039002308361063,0.214400275804179,0.2154720148694426,0.2224120874179333,0.2208531942320952,0.2167835836556045,0.2054816080582786,0.2234613424468627,0.2364496207692539,0.2249003207722517,0.2120169679527536,0.1925382978085559,0.1636313217615493,0.1297328896483496
0.04737386455616509,0.02955151842192045,0.01921635638696523,0.01711035165032828,0.02822496027820244,0.05489102737056694,0.08857211379920259,0.1122253200227839,0.1381868873100099,0.1662994274065414,0.191766345894415,0.2109302395299338,0.2205683964385286,0.2309710105824865,0.2369067961747159,0.2362772431573582,0.2264067512066433,0.2366294930599275,0.2487783673591751,0.2279356656773691,0.2084944689270618,0.1864601133195432,0.1543379200767455,0.1164972869262824,0.07943610036873824,0.06021974398177288,0.04798093353718858,0.04547771082531404,0.05516083580657726,0.08154959978415321,0.1157927871211439,0.1414320832209131,0.1653101298078364,0.1878766076085979,0.2039002308361063,0.214400275804179,0.2154720148694426,0.2224120874179333,0.2208531942320952,0.2167835836556045,0.2054816080582786,0.2234613424468627,0.2364496207692539,0.2249003207722517,0.2120169679527536,0.1925382978085559,0.1636313217615493,0.1297328896483496,0.5365528726061616,0.544879267277269,0.544879267277269,0.544879267277269,0.5297252289758534,0.5250624479600333,0.5365528726061616,0.5836802664446294,0.6021648626144879,0.6299750208159867,0.6383014154870941,0.6299750208159867,0.6299750208159867,0.6299750208159867,0.6383014154870941,0.6484596169858451,0.6383014154870941,0.6383014154870941,0.6484596169858451,0.6484596169858451,0.628143213988343,0.6198168193172356,0.6198168193172356,0.6254787676935888,0.6239800166527893,0.6104912572855953,0.6373022481265611,0.6383014154870941,0.6512905911740217,0.6466278101582015,0.6642797668609493,0.6794338051623647,0.7215653621981682,0.7012489592006661,0.7012489592006661,0.6827643630308077,0.6845961698584513,0.6692756036636136,0.6642797668609493,0.6559533721898418,0.6744379683597003,0.6827643630308077,0.688759367194005,0.6744379683597003,0.6796003330557868,0.6827643630308077,0.6827643630308077,0.6879267277268942,0.1059747579218754,0.0846449021194952,0.07053242198039389,0.06437929070360038,0.06404203015858734,0.07166411847588211,0.09159246934676377,0.1095497196990137,0.1341097820547412,0.1670788739994604,0.1952438768474383,0.2193317744401474,0.2302515214197919,0.235467817849327,0.2421155979254729,0.2408714812483138,0.2337890098030399,0.2549989507449711,0.2673426866924483,0.2580642743652007,0.246117756392961,0.2262643523098599,0.1955286746410049,0.1651827202686092
0.07943610036873824,0.06021974398177288,0.04798093353718858,0.04547771082531404,0.05516083580657726,0.08154959978415321,0.1157927871211439,0.1414320832209131,0.1653101298078364,0.1878766076085979,0.2039002308361063,0.214400275804179,0.2154720148694426,0.2224120874179333,0.2208531942320952,0.2167835836556045,0.2054816080582786,0.2234613424468627,0.2364496207692539,0.2249003207722517,0.2120169679527536,0.1925382978085559,0.1636313217615493,0.1297328896483496,0.1059747579218754,0.0846449021194952,0.07053242198039389,0.06437929070360038,0.06404203015858734,0.07166411847588211,0.09159246934676377,0.1095497196990137,0.1341097820547412,0.1670788739994604,0.1952438768474383,0.2193317744401474,0.2302515214197919,0.235467817849327,0.2421155979254729,0.2408714812483138,0.2337890098030399,0.2549989507449711,0.2673426866924483,0.2580642743652007,0.246117756392961,0.2262643523098599,0.1955286746410049,0.1651827202686092,0.6239800166527893,0.6104912572855953,0.6373022481265611,0.6383014154870941,0.6512905911740217,0.6466278101582015,0.6642797668609493,0.6794338051623647,0.7215653621981682,0.7012489592006661,0.7012489592006661,0.6827643630308077,0.6845961698584513,0.6692756036636136,0.6642797668609493,0.6559533721898418,0.6744379683597003,0.6827643630308077,0.688759367194005,0.6744379683597003,0.6796003330557868,0.6827643630308077,0.6827643630308077,0.6879267277268942,0.6929225645295587,0.7114071606994171,0.7114071606994171,0.7114071606994171,0.7147377185678602,0.7215653621981682,0.7317235636969193,0.7400499583680267,0.6840965861781848,0.6253122398001665,0.6299750208159867,0.6113238967527062,0.5836802664446294,0.5189009159034138,0.4717735220649459,0.4634471273938385,0.4439633638634471,0.4439633638634471,0.4717735220649459,0.4717735220649459,0.4532889258950874,0.4439633638634471,0.4273105745212323,0.4406328059950042,0.1237071679107833,0.0956171118505861,0.07697035105075391,0.06464160446083274,0.05839853703870251,0.05923044638306804,0.06906346493989261,0.08228407830440392,0.09865995143448156,0.1207018017207782,0.1371226429235243,0.1512126390262913,0.1549674730941032,0.1531837395449231,0.1502308361063644,0.1474652996372575,0.1456890607668556,0.1656698743891836,0.1950265311628744,0.1953712863866655,0.1892631231825404,0.179355157837935,0.1568186587522859,0.1294181131396709
0.1059747579218754,0.0846449021194952,0.07053242198039389,0.06437929070360038,0.06404203015858734,0.07166411847588211,0.09159246934676377,0.1095497196990137,0.1341097820547412,0.1670788739994604,0.1952438768474383,0.2193317744401474,0.2302515214197919,0.235467817849327,0.2421155979254729,0.2408714812483138,0.2337890098030399,0.2549989507449711,0.2673426866924483,0.2580642743652007,0.246117756392961,0.2262643523098599,0.1955286746410049,0.1651827202686092,0.1237071679107833,0.0956171118505861,0.07697035105075391,0.06464160446083274,0.05839853703870251,0.05923044638306804,0.06906346493989261,0.08228407830440392,0.09865995143448156,0.1207018017207782,0.1371226429235243,0.1512126390262913,0.1549674730941032,0.1531837395449231,0.1502308361063644,0.1474652996372575,0.1456890607668556,0.1656698743891836,0.1950265311628744,0.1953712863866655,0.1892631231825404,0.179355157837935,0.1568186587522859,0.1294181131396709,0.6929225645295587,0.7114071606994171,0.7114071606994171,0.7114071606994171,0.7147377185678602,0.7215653621981682,0.7317235636969193,0.7400499583680267,0.6840965861781848,0.6253122398001665,0.6299750208159867,0.6113238967527062,0.5836802664446294,0.5189009159034138,0.4717735220649459,0.4634471273938385,0.4439633638634471,0.4439633638634471,0.4717735220649459,0.4717735220649459,0.4532889258950874,0.4439633638634471,0.4273105745212323,0.4406328059950042,0.4254787676935887,0.4254787676935887,0.4447960033305579,0.4541215653621981,0.4671107410491257,0.4616153205661949,0.4532889258950874,0.4717735220649459,0.4616153205661949,0.4153205661948376,0.3968359700249792,0.3783513738551207,0.3885095753538718,0.3833472106577852,0.3968359700249792,0.3968359700249792,0.3986677768526228,0.4153205661948376,0.4204829308909243,0.4163197335553706,0.4298084929225646,0.424646128226478,0.424646128226478,0.438134887593672,0.1048805348202776,0.09539976616602217,0.09617171808016307,0.1050903858260635,0.1279266720628354,0.1713433462241808,0.2263168150613065,0.2604101088227359,0.2736681955811374,0.2709026591120304,0.2626585124561561,0.2465299637257548,0.2287525856641784,0.2187621788530144,0.2087792667206284,0.201861678208472,0.1994109182480439,0.2273211020175675,0.2587537848127829,0.2600503642413887,0.259323380399916,0.2469196870222142,0.2234538477680846,0.195318823635219
